,Unnamed: 0,tweet_id,author_id,created_at,retweet_count,reply_count,like_count,quote_count,tweet_text,conversation_id,in_reply_to_user_id,usernames,epoch_time
0,0,1539389584336793600,2680275613,2022-06-21 23:27:32+00:00,3,1,7,0,A new school year ... have you considered having your department join the QSIDE consortium?  All sorts of benefits for your faculty &amp; students + supports justice work in Math. Drop me a dm to set up an informational presentation for your dept. #MathTwitter https://t.co/sEhTRiBmYh,1539389584336793600,,HaydeeLindo,1655879252.0
1,1,1536501694003036166,2680275613,2022-06-14 00:12:05+00:00,35,0,0,0,"RT @LGBTMath: Today Spectra highlights Mohamed Omar, an Associate Professor of Mathematics at Harvey Mudd College and Joseph B. Platt Chair‚Ä¶",1536501694003036166,,HaydeeLindo,1655190725.0
2,2,1530691093154566145,2189918276,2022-05-28 23:22:50+00:00,0,1,0,0,"@tef_ebooks As a math major turned distributed systems engineer I'm glad I had people who spent the time teaching me ""how computers actually work"". It was seldom ""required"" for a task, but learning about mmap, page faults, ram caches, branch prediction etc. all helps me move more confidently",1530687825657708546,3107896458.0,JackRNewhouse,1653805370.0
3,3,1546916906271068161,15683188,2022-07-12 17:58:25+00:00,0,0,0,0,@alh_ast when I saw it at the media briefing Sunday I immediately pulled up a calculator to do the math because I couldn't believe it. It's absolutely insane to see this.,1546909495745454086,15683188.0,Kevin_Hainline,1657673905.0
4,4,1541500294735040512,19376359,2022-06-27 19:14:44+00:00,0,0,0,0,"Math terminology question! Imagine I have a family of functions f_z(x) defined by a single parameter ""z"", where f_0(x)=g(x) and f_1(x)=h(x). I've sometimes said that this family f ""interpolates"" between g and h, but I'm told that's the wrong word. What's the correct term?",1541500294735040512,,steuard,1656382484.0
5,5,1536075063916498946,19552852,2022-06-12 19:56:48+00:00,0,1,4,0,"@MasonAcevedo5 I'm really sorry you had this experience, Mason. I strongly disagree that it's because you're dumb and bad at math.  That's not the person I know. If you ever want to chat more about it, let me know.",1536010061335695363,1.088155520651866e+18,dyong,1655089008.0
6,6,1534367226186194944,19376359,2022-06-08 02:50:28+00:00,3,0,0,0,"RT @melodymorris78: @mathyawp Year after year, I am seeing students who hated math prior to taking Discrete Math, whether they previously t‚Ä¶",1534367226186194944,,steuard,1654681828.0
7,7,1534326957063565313,19176407,2022-06-08 00:10:27+00:00,0,0,3,0,"@benfrosh it was calculated

but boy are we bad at math-",1534323426348892161,257368229.0,Aerathil,1654672227.0
8,8,1533867903082110977,7284142,2022-06-06 17:46:20+00:00,33,0,0,0,RT @mathyawp: I haven't heard anyone mention discrete mathematics as a high school pathway option. So we say it here! Calculus doesn't have‚Ä¶,1533867903082110977,,mentaikosupaget,1654562780.0
9,9,1533526529250013186,19376359,2022-06-05 19:09:50+00:00,74,0,0,0,"RT @mathyawp: I wrote this op-ed with @deloera_ja for the @sacbee_news, advocating for an update to the math curriculum. Looks like they ed‚Ä¶",1533526529250013186,,steuard,1654481390.0
10,10,1525266062610051074,7284142,2022-05-14 00:05:42+00:00,800,0,0,0,"RT @SarahTaber_bww: More data on how most food price inflation is from *food co's padding their profit margins.*

Not from rising labor &amp; r‚Ä¶",1525266062610051074,,mentaikosupaget,1652511942.0
11,11,1542973535454302208,799166785,2022-07-01 20:48:52+00:00,0,0,1,0,@kwazrunner I feel like I‚Äôm about 50/50 on being wrong. But the math is hard because confirmation bias and sometime when I speak up we change plans.,1542970840031014912,20787163.0,the_thagomizer,1656733732.0
12,12,1538944437937573888,307582953,2022-06-20 17:58:40+00:00,11091,0,0,0,"RT @pludger: People will really say ""girls suck at math lol"" and then be like look at this amazing quilt my grandmother designed by doing t‚Ä¶",1538944437937573888,,mermitling,1655773120.0
13,13,1538179834488053761,474062726,2022-06-18 15:20:25+00:00,0,0,6,0,"never thought that being horny would get me further in life than having a math degree

wait no that's a lie I always knew that",1538177786870804480,474062726.0,phasmantistes,1655590825.0
14,14,1534029071130103808,307582953,2022-06-07 04:26:46+00:00,5,0,0,0,"RT @MarkHoofnagle: Wow, the depths of the shoddiness of Makary's 3rd cause estimate seem to have no bottom. It's interesting how as people‚Ä¶",1534029071130103808,,mermitling,1654601206.0
15,15,1531285784736567296,307582953,2022-05-30 14:45:55+00:00,0,1,0,0,"@R1100GSBlueNose As an American trapped in inches and feet, pounds and ounces, why would anyone want to go back to making the math harder?",1531051065206050819,432380591.0,mermitling,1653947155.0
16,16,1529522751031382016,799166785,2022-05-25 18:00:15+00:00,0,0,1,0,"@lewisl9029 I remember a conversation about how to do long division where half way through I realized that depending on where you grew up you had learned a different algorithm for long division. If something like math can be cultural, games definitely are.",1529471727335485441,42559259.0,the_thagomizer,1653526815.0
17,17,1528532236554776576,799166785,2022-05-23 00:24:18+00:00,91,0,0,0,"RT @heyvrk: Unfortunately, the DRY principle does not apply to humans. People need repetition, as well as the same content applied in diffe‚Ä¶",1528532236554776576,,the_thagomizer,1653290658.0
18,18,1527372400756568064,474062726,2022-05-19 19:35:32+00:00,0,0,3,0,"everyone who still knows \LaTeX, OUR TIME HAS CO&lt;overfull \hbox (2.38pt too wide) badness 10000&gt;

https://t.co/XLOzULi5gW",1527372400756568064,,phasmantistes,1653014132.0
19,19,1544005595308494849,878201162,2022-07-04 17:09:54+00:00,875,0,0,0,RT @asv141: Indian parents for sure weeping seeing their kid do this type of math https://t.co/8AS8YCJ7zA,1544005595308494849,,ocshree,1656979794.0
20,20,1531104286733639681,3892991303,2022-05-30 02:44:43+00:00,0,0,0,0,"Not pictured for various reasons but important

Work. Friends. Family. Math.",1531090654578847745,3892991303.0,kfhoeger,1653903883.0
21,21,1529499460694265856,1068875149,2022-05-25 16:27:42+00:00,32953,0,0,0,"RT @TravisCravey: 11y saw me crying and asked if it was about Uvalde. 

‚ÄúYeah,‚Äù I said. ‚ÄúIt‚Äôs really sad and I worry about y‚Äôall.‚Äù

‚ÄúIt‚Äôs o‚Ä¶",1529499460694265856,,DrDadabhoy,1653521262.0
22,22,1524849078227546112,426835962,2022-05-12 20:28:45+00:00,1899,0,0,0,"RT @JuddLegum: Quick reminder that @GovRonDeSantis was caught in a clear lie. 

DeSantis falsely claimed that math textbook publishers were‚Ä¶",1524849078227546112,,SumunLPendakur,1652412525.0
23,23,1521583855156703232,19802879,2022-05-03 20:13:55+00:00,110,0,0,0,RT @NASAJPL_Edu: From teaching the math we use to build spacecraft to developing the scientific curiosity we use to ask important questions‚Ä¶,1521583855156703232,,NASAJPL,1651634035.0
24,24,1545768039978770436,19725644,2022-07-09 13:53:14+00:00,1659,1412,10724,295,"Do the Math:

1962
Gas: 30-cents/gal
Med. household income  $6,000
Mileage: 14 mpg
Dist. per 1/1,000 of income: 280 mi

2022
Gas: $5.00/gal
Med. household income  $75,000
Mileage: 25 mpg
Dist. per 1/1,000 of income: 375 mi

We travel father today on earned money than 60 yrs ago. https://t.co/Au9iYz3GUj",1545768039978770436,,neiltyson,1657399994.0
25,25,1544466298645536769,100728306,2022-07-05 23:40:35+00:00,0,1,3,0,"I enjoyed this math parody! üòÇ  ""x, the unknown"" by Dusty Wilson and Kim Jongerius. Well-produced, playful knock-off of ""Into the Unknown"" from Frozen 2, and a good plug for math tutoring:

https://t.co/4Zun25nuZq 
#iteachmath",1544466298645536769,,mathyawp,1657089635.0
26,26,1544303979688996864,100728306,2022-07-05 12:55:35+00:00,426,0,0,0,"RT @QuantaMagazine: @jordanacep BREAKING: June Huh, a one-time high school dropout who took six years to finish undergrad, has won the Fiel‚Ä¶",1544303979688996864,,mathyawp,1657050935.0
27,27,1544303962030886912,100728306,2022-07-05 12:55:30+00:00,462,0,0,0,"RT @QuantaMagazine: @jordanacep @EricaKlarreich BREAKING: Maryna Viazovska, a Ukrainian number theorist, has been awarded the Fields Medal,‚Ä¶",1544303962030886912,,mathyawp,1657050930.0
28,28,1543248132338683909,100728306,2022-07-02 15:00:01+00:00,9,0,38,1,The Art of Problem Solving makes great math educational materials. Now they‚Äôre expanding to computer science and will hire accordingly. They‚Äôre looking for a visionary CS educator to design middle and high school resources. Apply here:  https://t.co/nDQHd9KTHR @AoPSNews https://t.co/1GDyCFa61T,1543248132338683909,,mathyawp,1656799201.0
29,29,1542371042982649856,100728306,2022-06-30 04:54:47+00:00,5,0,26,0,"My friend @JohnDCook, who has a math PhD, now does consulting in applied math and statistics. This interview in @TheSIAMNews is full of insightful wisdom should you want to move to consulting following a career in academia: https://t.co/leiH4JRPtm",1542371042982649856,,mathyawp,1656590087.0
30,30,1542249893124681728,100728306,2022-06-29 20:53:22+00:00,2,0,0,0,"RT @JUST_Equations: üö®üìßHot Off The Press: Our June newsletter, incl. @PamelaBurdman's blog abt building consensus around foundational #math,‚Ä¶",1542249893124681728,,mathyawp,1656561202.0
31,31,1540453735607873536,100728306,2022-06-24 21:56:05+00:00,1,1,4,0,@ZachWeiner @steuard Flattered! You‚Äôve nicely captured in frames 2 and 3 the disconnect that often happens between the virtues that should be picked up in a math classroom and what makes it over to ‚Äúreal life‚Äù,1540304942979813376,20745130.0,mathyawp,1656132965.0
32,32,1538952320515547136,100728306,2022-06-20 18:30:00+00:00,4,0,0,0,RT @EulersNephew: Day 1 of the Phillips Exeter Academy math institute is complete. Great kickoff by @mathyawp about the power of shifting p‚Ä¶,1538952320515547136,,mathyawp,1655775000.0
33,33,1536172162427461632,100728306,2022-06-13 02:22:38+00:00,3,0,0,0,RT @mathmodeling: Getting so excited about the Anja S.Greer Math &amp; Technology Conf @PhillipsExeter! I am honored to be a featured speaker a‚Ä¶,1536172162427461632,,mathyawp,1655112158.0
34,34,1535111916275675136,100728306,2022-06-10 04:09:36+00:00,25,1,66,2,A new free math camp for high school girls to do/learn/enjoy Olympiad type problems: https://t.co/U5YTnhZneu,1535111916275675136,,mathyawp,1654859376.0
35,35,1535062490102476800,100728306,2022-06-10 00:53:12+00:00,0,1,2,0,"@inhaleopenair @youcubed @uclaIDS I'm not basing my advocacy of alternate pathways on the CMF. There's quite of bit of evidence at the college level in favor of alternative pathways to enter the math major. See, e.g., https://t.co/pHR7w5VkpK A similar effort in HS would link up nicely + increase math engagement",1534217430578278400,1.2537338956499804e+18,mathyawp,1654847592.0
36,36,1535044039786999808,100728306,2022-06-09 23:39:53+00:00,0,0,2,0,"@minilek In agreement with you here. My point is that there's many motivations available that didn't exist 50 years ago, and not every student will be motivated by the same things. The entryways to math can be very different",1533678818409320448,20564032.0,mathyawp,1654843193.0
37,37,1534526802294476800,100728306,2022-06-08 13:24:34+00:00,0,3,19,1,I think the debate over what HS electives are ‚Äògood enough‚Äô as alternatives to calculus is also tied to formalist vs non-formalist conceptions of math. See especially the last line of the displayed passage. https://t.co/2gzpxuM0CN,1534526802294476800,,mathyawp,1654719874.0
38,38,1534386641397108736,100728306,2022-06-08 04:07:37+00:00,3,0,0,0,"RT @fox_sanfox: Today was our last @Math4HF book club meeting. I admit to eyes welling up when a colleague said, ""When I finished this book‚Ä¶",1534386641397108736,,mathyawp,1654686457.0
39,39,1534305773051854850,100728306,2022-06-07 22:46:16+00:00,1,0,0,0,RT @rebegol: @mathyawp @lpachter @boazbaraktcs @maanow @amermathsoc @TheSIAMNews @MathAMATYC @AmstatNews Francis has a good point- if a S i‚Ä¶,1534305773051854850,,mathyawp,1654667176.0
40,40,1534235397777068033,100728306,2022-06-07 18:06:38+00:00,3,0,0,0,"RT @melodymorris78: @mathyawp Year after year, I am seeing students who hated math prior to taking Discrete Math, whether they previously t‚Ä¶",1534235397777068033,,mathyawp,1654650398.0
41,41,1534234644115140608,100728306,2022-06-07 18:03:38+00:00,3,0,0,0,"RT @melodymorris78: @mathyawp Discrete student: ‚ÄúI feel a lot more confident taking the rest of my required math courses in college, given‚Ä¶",1534234644115140608,,mathyawp,1654650218.0
42,42,1534234622124404737,100728306,2022-06-07 18:03:33+00:00,2,0,0,0,RT @melodymorris78: @mathyawp I am one of the teachers of the Discrete Math course Bill Zahner described.  In the words of a Discrete stude‚Ä¶,1534234622124404737,,mathyawp,1654650213.0
43,43,1534220502658494464,100728306,2022-06-07 17:07:26+00:00,0,3,2,0,"@halcyonfoster We know the answer to that: of the 20% who race to calculus, 1/3 of them retake calculus as a first math course in college and 1/3 retake a MORE remedial class. In that sense @boazbaraktcs is right, preparation is a problem. But inspiration should precede perspiration!",1534217430578278400,327047051.0,mathyawp,1654646846.0
44,44,1534217430578278400,100728306,2022-06-07 16:55:14+00:00,2,6,26,1,"I think the misunderstanding here is that we aren't talking about those 'failing calculus' as the only ones who might be inspired by alternate pathways. Though 20% of HS students take calculus, 80% don't. Imagine getting them excited about math, and then taking calc in college! https://t.co/YymFb2i951",1534217430578278400,,mathyawp,1654646114.0
45,45,1533832955528769536,100728306,2022-06-06 15:27:28+00:00,1,0,0,0,"RT @bzahnersdsu: @mathyawp On the topic of Discrete Math for HS, you and your followers might be interested in the discrete math class we d‚Ä¶",1533832955528769536,,mathyawp,1654554448.0
46,46,1533818798679068672,100728306,2022-06-06 14:31:13+00:00,2,0,0,0,RT @PamelaBurdman: @mathyawp Ohio is also piloting a high school discrete math option. https://t.co/LMtXA5H2SA,1533818798679068672,,mathyawp,1654551073.0
47,47,1533676490063114240,100728306,2022-06-06 05:05:44+00:00,1,0,0,0,RT @mathyawp: @boazbaraktcs @maanow @amermathsoc @TheSIAMNews @MathAMATYC @AmstatNews Precisely. We‚Äôre not advocating discrete math or othe‚Ä¶,1533676490063114240,,mathyawp,1654517144.0
48,48,1533666294993539072,100728306,2022-06-06 04:25:13+00:00,1,1,6,0,@boazbaraktcs @maanow @amermathsoc @TheSIAMNews @MathAMATYC @AmstatNews Precisely. We‚Äôre not advocating discrete math or other subjects because they are easier! That would be missing our point. Different students have different interests and some will find those subtleties and paradoxes more interesting than calculus,1533470499950321664,1.217628182611927e+18,mathyawp,1654514713.0
49,49,1533592677316321281,100728306,2022-06-05 23:32:41+00:00,2,0,0,0,RT @PamelaBurdman: @mathyawp Yes! @SDSU has a discrete math project with San Diego area high schools. https://t.co/H4AoCujOz6,1533592677316321281,,mathyawp,1654497161.0
50,50,1533470508808736768,100728306,2022-06-05 15:27:14+00:00,2,3,55,0,"We also encourage people to have more civility in discourse around math education. Let's address ideas, not attack people, please!",1533470499950321664,100728306.0,mathyawp,1654468034.0
51,51,1533470505935679488,100728306,2022-06-05 15:27:13+00:00,33,16,175,11,"I haven't heard anyone mention discrete mathematics as a high school pathway option. So we say it here! Calculus doesn't have to be the pinnacle of HS math. It can be an option, but many other options would give more students a view that math can be interesting and joyful.",1533470499950321664,100728306.0,mathyawp,1654468033.0
52,52,1533470501632212992,100728306,2022-06-05 15:27:12+00:00,8,6,43,0,"Modernizing the curriculum shouldn't be controversial. It was advocated in the Common Vision report by leading math societies at the college level (@maanow @amermathsoc @TheSIAMNews @MathAMATYC @AmstatNews), which stated ""The status quo is unacceptable."" https://t.co/l7EEOU3ZjJ",1533470499950321664,100728306.0,mathyawp,1654468032.0
53,53,1533470499950321664,100728306,2022-06-05 15:27:12+00:00,74,14,205,16,"I wrote this op-ed with @deloera_ja for the @sacbee_news, advocating for an update to the math curriculum. Looks like they edited out some of what we wrote, so I'll add a few points in this thread. https://t.co/0bJ8Vjn5OO",1533470499950321664,,mathyawp,1654468032.0
54,54,1533093094911971328,100728306,2022-06-04 14:27:31+00:00,4,0,0,0,"RT @MoMath1: Dr. Chartier will be followed in Fall 2023 by Dr. Ingrid Daubechies, Professor of #Mathematics at @DukeU. Drs. Chartier and Da‚Ä¶",1533093094911971328,,mathyawp,1654378051.0
55,55,1531376522753323009,100728306,2022-05-30 20:46:29+00:00,10,0,0,0,"RT @mathyawp: Boom! Front porch tiling. 

With dot markings (which I didn‚Äôt put on the tiles), one gets aperiodicity. See https://t.co/jHWW‚Ä¶",1531376522753323009,,mathyawp,1653968789.0
56,56,1531376475802193920,100728306,2022-05-30 20:46:18+00:00,10,10,161,0,"Boom! Front porch tiling. 

With dot markings (which I didn‚Äôt put on the tiles), one gets aperiodicity. See https://t.co/jHWW7FY4VH 

I used @fireclaytile pickets and cut them into squares &amp; triangles. https://t.co/5m4uRKtcPI",1531041345841770497,100728306.0,mathyawp,1653968778.0
57,57,1531075635321241600,100728306,2022-05-30 00:50:52+00:00,3,0,0,0,RT @Trianglemancsd: @mathyawp Math for Human Floorishing?,1531075635321241600,,mathyawp,1653897052.0
58,58,1531060886273552384,100728306,2022-05-29 23:52:15+00:00,0,1,3,0,"@MrHonner You mean where did I start in understanding, rather than start physically? Here: https://t.co/jHWW7FY4VH I‚Äôll probably write a blog post about it at some point",1531041345841770497,179308706.0,mathyawp,1653893535.0
59,59,1526908481495654400,100728306,2022-05-18 12:52:05+00:00,15,0,0,0,RT @AllisonBalabuch: Fascinating discussion in math 8 today‚Ä¶ were mathematics discovered or invented? (Their question - not mine!) Led to t‚Ä¶,1526908481495654400,,mathyawp,1652903525.0
60,60,1526906529848274945,100728306,2022-05-18 12:44:19+00:00,0,1,11,0,"@AllisonBalabuch @howie_hua at the same time, re-inventing something someone else, separated from you by oceans/culture/time, has already found. Is that invention not also a discovery? Math exists without humans, but it‚Äôs only accessed/revealed by creative *thinkers* (whether human or other sentient beings)",1526783937976012801,100728306.0,mathyawp,1652903059.0
61,61,1522967661612716033,100728306,2022-05-07 15:52:40+00:00,5,2,17,0,The John Templeton Foundation @templeton_fdn and @bigthink invited me to write a piece on the similarities between math and religion. Here‚Äôs what I said https://t.co/eM0PA9SgPU,1522967661612716033,,mathyawp,1651963960.0
62,62,1521571932843425792,11348282,2022-05-03 19:26:32+00:00,110,0,0,0,RT @NASAJPL_Edu: From teaching the math we use to build spacecraft to developing the scientific curiosity we use to ask important questions‚Ä¶,1521571932843425792,,NASA,1651631192.0
63,63,1520877670828888065,100728306,2022-05-01 21:27:47+00:00,40,19,535,7,My floor tiling completed! This is a piece of the Schlottmann aperiodic tiling (second photo) discussed here https://t.co/jHWW7FY4VH. (I changed the tile colors.) Can you find the floor pattern in the second photo? https://t.co/nzBoVBJd6R,1520877670828888065,,mathyawp,1651465667.0
64,64,1544642382171365382,544470728,2022-07-06 11:20:16+00:00,0,0,20,1,Fascinating profile. This dude is like the Usain Bolt of math. He lived like a monk for a decade getting to the boundary of knowledge. Now he works for 3 hour sprints obliterating the boundary. https://t.co/sy7rUEiwuI,1544642382171365382,,JosephMajkut,1657131616.0
65,65,1527729008783269888,544470728,2022-05-20 19:12:34+00:00,0,1,4,0,"@IrvingSwisher Sorry dude, but math guys have entered the chat",1527726697382129669,7.135260175965266e+17,JosephMajkut,1653099154.0
66,66,1527727087460679680,544470728,2022-05-20 19:04:56+00:00,0,1,6,1,@IrvingSwisher McKibben's math has always been a little troubling,1527726697382129669,7.135260175965266e+17,JosephMajkut,1653098696.0
67,67,1546603149057593344,140679116,2022-07-11 21:11:39+00:00,6,0,20,1,"Interested in the math of soil? Come join the latest @ISMC_News working group! https://t.co/CTetb1QD3Q We are going to untangle the current state of soil modeling with a specific focus on Earth's water, carbon, nutrient and energy cycles. Should be a fun time!",1546603149057593344,,KatheMathBio,1657599099.0
68,68,1541473093251502081,140679116,2022-06-27 17:26:39+00:00,0,1,0,0,"@RisetoClimate @PFriedling @rustneversleepz @theresphysics @wim_carton Soil respiration models generally have a ‚ÄòQ10‚Äô temperature sensitivity: Rh = SOC * decay_rate * Q10 ^ ((Temperature - 15)/10)

With a warming/control experiment you can re arrange the math and get the Q10 value. Generally ~ 2",1509192290685890562,2835574506.0,KatheMathBio,1656375999.0
69,69,1538502861964836864,102080846,2022-06-19 12:44:00+00:00,0,0,1,0,"@skeskali Absolutely savage. (And i am hard lawful good on this as a math major, lol.)",1538439416921747456,348003.0,ThatAndromeda,1655667840.0
70,70,1535369083553599488,23925775,2022-06-10 21:11:29+00:00,1086,0,0,0,RT @debdrens: I just did the math (again): law enforcement officers on duty are LESS likely to be killed by a gun than any randomly chosen‚Ä¶,1535369083553599488,,prototype27,1654920689.0
71,71,1534925143415324673,102080846,2022-06-09 15:47:26+00:00,0,1,1,0,"@pobocks oh DAMN, this is me definitely not doing that math, augh",1534920637487075328,1117915286.0,ThatAndromeda,1654814846.0
72,72,1534924667466592257,10269382,2022-06-09 15:45:32+00:00,1086,0,0,0,RT @debdrens: I just did the math (again): law enforcement officers on duty are LESS likely to be killed by a gun than any randomly chosen‚Ä¶,1534924667466592257,,Roguelazer,1654814732.0
73,73,1533142901185990657,102080846,2022-06-04 17:45:26+00:00,0,1,2,0,@tjowens @benmschmidt @scott_bot @ryanfb I was a pure math major so I am probably not the one you should ask to take a stance on objective reality.,1533052804830572544,10034972.0,ThatAndromeda,1654389926.0
74,74,1533117601043333121,102080846,2022-06-04 16:04:54+00:00,0,1,1,0,@benmschmidt @scott_bot @ryanfb that's how big math keeps the little guy down,1533052804830572544,222618390.0,ThatAndromeda,1654383894.0
75,75,1532169734942343170,102080846,2022-06-02 01:18:25+00:00,0,1,2,0,"@adr @djfiander Yeah, I‚Äôm with john here

(I used LaTeX in the course of a math major, which required good typesetting, and did not require emacs at all. Emacs is‚Ä¶a lot)",1532162428842254337,783732.0,ThatAndromeda,1654157905.0
76,76,1531035106152005633,102080846,2022-05-29 22:09:49+00:00,11,0,0,0,"RT @Antiproton_com: I'm reminded of this. I tag white and blackboards with poems, math, and sometimes assembly code lol https://t.co/C6SeMZ‚Ä¶",1531035106152005633,,ThatAndromeda,1653887389.0
77,77,1527669806790594562,102080846,2022-05-20 15:17:19+00:00,0,0,1,0,"@psyckology I was a math major and a board member. I am RIGHT there in that corner with you, having opinions about that distinction while no one else at the party talks to us.",1527646937935228930,53068395.0,ThatAndromeda,1653085039.0
78,78,1526177739597697024,140679116,2022-05-16 12:28:22+00:00,0,0,1,0,"@nacrila As a jr in the field (student or otherwise) it‚Äôs not on you to figure out how to change the field. You just have to figure out how to work it. Sometimes that means going at a problem/domain sideways if frontal assult is closed to you.

Hense someone math trained goes into eco.",1526173000680103937,140679116.0,KatheMathBio,1652729302.0
79,79,1526176558225821696,140679116,2022-05-16 12:23:41+00:00,0,0,0,0,"@RiverChem Oh but I‚Äôm not a soil scientist. 

I‚Äôm safely in a non-threatening interdisciplinary space where soil scientists can think of me as math and mathaticians/CS/informatics can think of me as domain.

Yes there is more then a little rage in here.",1526173000680103937,9.424231523485408e+17,KatheMathBio,1652729021.0
80,80,1526175475038441472,140679116,2022-05-16 12:19:22+00:00,0,1,4,0,"I got a PhD from an Earth System Science Dept and am TT in an environmental engingeering department with several of the classical academic hallmarks of success. (NSF CAREER, h-index, Nature pub)

Could I have cut it in Math? Multiple gatekeepers said no. I'll never know.",1526173000680103937,140679116.0,KatheMathBio,1652728762.0
81,81,1526174350688145408,140679116,2022-05-16 12:14:54+00:00,0,2,1,0,"But the next year I stopped applying to math PhD programs and started applying to labs doing soil modeling.

Am I bitter? Yes. 

Am I happier? Probably also yes.",1526173000680103937,140679116.0,KatheMathBio,1652728494.0
82,82,1526173876132098053,140679116,2022-05-16 12:13:01+00:00,0,1,0,0,"I was completely devistated (cryed through the entire meeting). I was 2yrs out of a math BS and thought of myself as applied math, having minimal bio background. I could not bring myself to agree to switch to bio and was not admitted.",1526173000680103937,140679116.0,KatheMathBio,1652728381.0
83,83,1526173338824888320,140679116,2022-05-16 12:10:53+00:00,0,1,0,0,"I interviewed for one math-bio program where you would take a ‚Äòbridge‚Äô year then enroll in either the math or biology PhD program. The director pulled me asside and said I would be admitted, if I agreed to go biology yr 2.",1526173000680103937,140679116.0,KatheMathBio,1652728253.0
84,84,1526173000680103937,140679116,2022-05-16 12:09:32+00:00,1,1,6,0,"Almost all of the women whom I knew in college who were high preforming mathematics students became K-12 teachers or homemakers. I can come up with no examples from the men.

I switched fields because I couldn‚Äôt get into a math PhD program. https://t.co/oXVwQU7dVN",1526173000680103937,,KatheMathBio,1652728172.0
85,85,1526171895736832000,140679116,2022-05-16 12:05:09+00:00,0,1,1,1,Chpt9: Math (as a field) has a justice problem: Implicit bias of who can do math. Cultural framing of classical problems. Tracking in education freezing out curiosity. There are structural and person calls for justice that need to be addressed. 10/n,1522192967594819584,140679116.0,KatheMathBio,1652727909.0
86,86,1525145217669533696,23925775,2022-05-13 16:05:30+00:00,800,0,0,0,"RT @SarahTaber_bww: More data on how most food price inflation is from *food co's padding their profit margins.*

Not from rising labor &amp; r‚Ä¶",1525145217669533696,,prototype27,1652483130.0
87,87,1525098963279437827,140679116,2022-05-13 13:01:42+00:00,0,1,1,0,Chpt7: Folks struggle to reach internal and external rewards. Internal aligns with personal growth and addresses need for meaning. Math values struggle and persistence (similar to science more generally). Hard to teach to students focused on grades but possible. 8/n,1522192967594819584,140679116.0,KatheMathBio,1652472102.0
88,88,1524008977914281984,140679116,2022-05-10 12:50:29+00:00,0,0,0,0,More complicated emotions with this chapter. Axioms are critical here; while they are fairly easy to identify in mathematics (but WHY does 1+1=2) they are extremely complicated to construct in reality. This is why math often works with ‚Äòtoy‚Äô examples. https://t.co/IUF9X0cThJ,1524008977914281984,,KatheMathBio,1652212229.0
89,89,1524008285032132609,140679116,2022-05-10 12:47:44+00:00,0,1,0,1,Chpt6: Permanence is a universal human need soaking to stability and safety. Math theorems (once established) are fundamentally permanent and trust in reason. 7/n,1522192967594819584,140679116.0,KatheMathBio,1652212064.0
90,90,1523615460922593281,140679116,2022-05-09 10:46:47+00:00,0,1,0,1,"Chpt5: Math is beautiful and that beauty come in many flavors: sensory, wonder, insight, and transcendent. 6/n",1522192967594819584,140679116.0,KatheMathBio,1652118407.0
91,91,1523314001463021574,140679116,2022-05-08 14:48:54+00:00,0,0,1,0,"The concept of mathematical play and gatekeeping; who gets to do Math. Has me sitting here choking up as I write this tweet. 

Really ironic that I ended up in engineering, a discipline that is well known for route application of calculations. #LifeIsStrange",1523311047641239552,140679116.0,KatheMathBio,1652046534.0
92,92,1523313110890979328,140679116,2022-05-08 14:45:22+00:00,1,1,0,0,"I found questions that were math-adjacent, where I ‚Äòabused algebra‚Äô to understand patterns in data/theory. I dove deep in to soils and gave up my identity as a mathematician (whole story here about applying to grad school).",1523311047641239552,140679116.0,KatheMathBio,1652046322.0
93,93,1523311636844400645,140679116,2022-05-08 14:39:30+00:00,0,1,0,0,"I got to college and enrolled in a math degree (w/ a tone of placement credit, skipped Calc, ODEs, and Linear to started with Real Analysis). I showed my notebooks to my advisor who wasn‚Äôt quite sure what to do with it.",1523311047641239552,140679116.0,KatheMathBio,1652045970.0
94,94,1522568297593643010,140679116,2022-05-06 13:25:44+00:00,0,1,1,0,@mathyawp Chpt2: Math provides a framework to ask questions and explore logical connections in our world. This lays in contrast to route calculations that are often emphasized in teaching. Connections to cultural puzzles and place-based knowledge provide entry points. 3/n,1522192967594819584,140679116.0,KatheMathBio,1651868744.0
95,95,1546709475440168960,18739098,2022-07-12 04:14:10+00:00,0,0,1,0,"TBH, I was never terribly bothered by wave-particle duality, entanglement, or any of the other quantum weirdness. But General Relativity never clicked. Maybe it was just the math: PDEs were obvious to me, while I was never able to scratch the surface of Differential Geometry.",1546709472831279107,18739098.0,SalixWrosette,1657624450.0
96,96,1543007963387944960,18704160,2022-07-01 23:05:40+00:00,7,0,0,0,"RT @EvanMPeck: üì£ Ph.D. students/postdocs in Bio, CS, Chem, Geo &amp; Env Science, Math, &amp; Physics #AcademicTwitter

@BucknellU is hosting a wor‚Ä¶",1543007963387944960,,dr_tj,1656741940.0
97,97,1533550661845102592,18704160,2022-06-05 20:45:44+00:00,74,0,0,0,"RT @mathyawp: I wrote this op-ed with @deloera_ja for the @sacbee_news, advocating for an update to the math curriculum. Looks like they ed‚Ä¶",1533550661845102592,,dr_tj,1654487144.0
98,98,1533422861834231808,14249452,2022-06-05 12:17:54+00:00,0,0,6,0,"Surprised to learn that the @BloombergNEF report on EVs and 2/3-wheelers actually *excluded* e-bikes. 

I imagine the math is harder, but seems like a major blind spot IMO. If like 10% of e-bikes can replace cars, that‚Äôs some chunky decarb‚Ä¶ https://t.co/lYYZ4VXbKB",1533422861834231808,,OctaviSemonin,1654456674.0
99,99,1530598083062648834,14249452,2022-05-28 17:13:14+00:00,0,0,1,1,"@michaelpcampos To put some bad math here, I think CO2 fixation takes about 9 photons. Assume a 1 eV photon and that‚Äôs 865 kJ/mol of CO2, which is at least the same order of magnitude as DAC? https://t.co/uZgzngoRsP",1530555765466996743,14249452.0,OctaviSemonin,1653783194.0
100,100,1527019001724928003,14249452,2022-05-18 20:11:15+00:00,0,1,0,0,"@GregorMacdonald @jdinnocenti @ramez @adelaigue Gregor, is the 0.5 mbpd reflected in the above BNEF numbers as Passenger vehicles, Buses, and Commercial vehicles? If so, the other 1 mbpd seems like an important number to pay attention to as well! Or does your math include 2/3 wheelers?",1526966064361390086,12329252.0,OctaviSemonin,1652929875.0
101,101,1524904520098238491,18739098,2022-05-13 00:09:03+00:00,2511,0,0,0,"RT @JuddLegum: One thing is clear: DeSantis and the Florida Department of Education do not want people to read this article 

https://t.co/‚Ä¶",1524904520098238491,,SalixWrosette,1652425743.0
102,102,1524040469721849858,70778344,2022-05-10 14:55:37+00:00,0,1,1,0,@nemoredux I don‚Äôt know the math on it but if you assume the inflation is front-loaded it‚Äôll fall with the passage of time too.,1524038487191678977,7.216559160057242e+17,conorsen,1652219737.0
103,103,1545469263535915008,19782237,2022-07-08 18:06:00+00:00,2,0,7,0,"The HMC community mourns the loss of math Professor Emeritus Hank Krieger, who passed away June 29. President Maria Klawe encouraged members of the HMC community to visit Krieger‚Äôs In Memoriam page to read about him and share a memory of their own. https://t.co/ihjKutIBDP https://t.co/3AxQEZr8Mm",1545469263535915008,,harveymudd,1657328760.0
104,104,1543001603439054848,19782237,2022-07-01 22:40:24+00:00,1,0,5,0,"Amani Maina-Kilaas ‚Äô23 (computer science and math) is an award-winning CS researcher who balances academics with fun and friends. Read about him in #MuddMagazine.
https://t.co/V2ZhvBAobb https://t.co/xMm5CwkBnD",1543001603439054848,,harveymudd,1656740424.0
105,105,1541813846922432513,18958185,2022-06-28 16:00:41+00:00,1,0,4,0,"Jared Mejia '22, a computer science major and math minor, received the Rena Gurley Archibald High Scholarship Prize, served as a captain for the Pomona-Pitzer men's soccer team and placed on First Team All-SCIAC. 
https://t.co/6fB8khgcD4",1541813846922432513,,pomonacollege,1656457241.0
106,106,1539727183509192704,19782237,2022-06-22 21:49:01+00:00,3,0,0,0,RT @HaydeeLindo: A new school year ... have you considered having your department join the QSIDE consortium?  All sorts of benefits for you‚Ä¶,1539727183509192704,,harveymudd,1655959741.0
107,107,1532417367065493507,18958185,2022-06-02 17:42:25+00:00,1,0,0,0,RT @KrishnaswamyLab: Excited to start the Summer Undergraduate Math at Yale REU  this year and mentor a great group of students from @YaleC‚Ä¶,1532417367065493507,,pomonacollege,1654216945.0
108,108,1527764698799775744,19782237,2022-05-20 21:34:23+00:00,1,0,13,0,Emme McMullen ‚Äô23 is one of three Athenas selected to the Intercollegiate Women's Lacrosse Coaches Association All-West Region first team. The math major helped CMS to a 14-6 final record and a berth in the NCAA Division III Tournament. https://t.co/BIPelSfU7u https://t.co/H7pKqBxxOe,1527764698799775744,,harveymudd,1653107663.0
109,109,1525187649086029826,19782237,2022-05-13 18:54:06+00:00,0,0,0,0,"@UCLA prof. and mathematician Terence Tao will deliver the keynote address at commencement on Sunday. Emily Fok ‚Äô22 and Vadim Mathys ‚Äô22 suggested Tao as the Class of 2022 speaker because of his essential, innovative research in multiple areas of STEM. https://t.co/LsvGD1lVDo https://t.co/6Z2uQ5uvfV",1525187649086029826,18918483.0,harveymudd,1652493246.0
110,110,1523772361366855681,19782237,2022-05-09 21:10:15+00:00,1,0,4,0,"With graduation this weekend, Harvey Mudd seniors are preparing for what comes next. In recent years, more than half of grads have chosen to enter the workforce &amp; about 20% attend grad school. The rest opt for ""other,"" like Noah Haig ‚Äô22 (physics &amp; math). https://t.co/jhdbu5DIVD",1523772361366855681,,harveymudd,1652155815.0
111,111,1521980230956683265,19782237,2022-05-04 22:28:58+00:00,2,0,0,0,"RT @AAAS_DoSER: As a prof @HarveyMudd, @Mathyawp makes it a point to invoke the wonder of math in his students. 
#AsianHeritageMonth #Teach‚Ä¶",1521980230956683265,,harveymudd,1651728538.0
